Firstname,Surname,Phonenumber
grumpy,balloon,0084
acoustic,attention,7439
imminent,seat,8943
gaping,steel,0666
tough,pipe,5181
hallowed,earthquake,7452
voiceless,farm,7429
phobic,stitch,6015
tedious,table,5176
broad,glass,7020
absurd,pies,1191
narrow,sugar,5407
wooden,rifle,7909
melted,bucket,3863
unwieldy,war,9665
ad,popcorn,9479
soggy,mountain,4922
mundane,sticks,8843
lame,writer,4535
chubby,slope,9111
cowardly,metal,2668
gullible,sack,0123
stupid,screw,8458
belligerent,use,1076
scary,pleasure,4656
fair,event,1851
efficacious,icicle,0086
tacit,tree,2219
perpetual,pets,8272
satisfying,sack,3159
spotless,quill,2017
reflective,exchange,4727
tender,net,1451
auspicious,day,8005
hushed,plot,1227
married,governor,4088
colossal,hen,3254
wet,key,4917
fluffy,detail,4735
honorable,tax,9797
panicky,year,3298
tiresome,vest,4034
private,scent,3462
yielding,cellar,9833
first,engine,4119
recondite,roof,4783
brief,brick,6478
angry,tongue,7426
adhesive,credit,2620
bumpy,window,9158
hysterical,jump,3878
agreeable,moon,7026
afraid,sun,8798
heady,pigs,0913
infamous,collar,1685
addicted,attempt,6227
strange,nation,6472
aboard,bird,2925
efficacious,square,4819
miniature,toothpaste,1203
different,kitten,8144
faithful,dust,9587
toothsome,voyage,6223
wiggly,fuel,6284
yellow,week,6948
best,patch,9866
possessive,protest,1925
erect,cars,1943
energetic,milk,5166
glorious,horses,9978
elated,stem,7784
quirky,light,4455
cheerful,pull,7841
adaptable,earthquake,2947
equable,bite,6964
ragged,crate,9238
imported,wound,0983
abandoned,sheep,2559
gigantic,jail,7051
happy,crown,5926
alluring,burst,2567
stingy,spy,7709
sad,kite,9071
guiltless,plough,9485
upbeat,army,9177
crabby,snow,9113
beautiful,move,2827
silent,dog,1178
statuesque,sort,5789
frequent,metal,1917
arrogant,apples,6600
caring,lawyer,3150
vagabond,cats,4588
delicious,drop,5702
tame,vacation,5898
square,mouth,2383
powerful,ornament,6753
learned,umbrella,5390
high,frame,7869
noisy,afterthought,1163
absorbing,belief,6686
maddening,news,0970
ashamed,crack,3154
melted,spiders,8715
disgusted,zebra,6730
alert,park,2688
political,approval,6709
selective,border,4560
hurried,cable,0158
adorable,bridge,0913
slow,oatmeal,3612
pricey,salt,7231
past,hill,1933
annoying,wash,8573
hospitable,crush,6958
swanky,talk,8482
tangy,baseball,7136
likeable,power,7458
determined,lizards,5883
warlike,stomach,6670
adamant,air,6160
special,pig,6867
complete,goldfish,0412
faint,nation,4798
tremendous,moon,4076
noisy,suggestion,2814
elastic,growth,9847
young,fog,0876
waiting,crook,2930
knowing,sidewalk,2208
receptive,room,9242
uninterested,uncle,1454
smelly,base,7444
yellow,trouble,6789
ossified,comfort,3206
cumbersome,carriage,3508
wretched,cracker,0297
psychotic,dad,3664
breakable,destruction,4032
incredible,pail,0418
breezy,nose,6480
glorious,tail,8338
right,plastic,9873
intelligent,zebra,8687
tremendous,pipe,5467
foolish,instrument,6747
wealthy,mouth,4493
fearless,turn,6989
bitter,amount,6538
shivering,trick,2348
curly,grip,8766
parallel,jam,6659
absurd,baby,6071
accidental,size,7398
rich,pleasure,9965
mixed,observation,2858
tiresome,bone,6224
garrulous,flavor,2553
puffy,thrill,3509
lovely,screw,0793
tight,airplane,5743
green,attention,8812
frantic,pen,9468
screeching,action,0664
rough,vessel,4523
valuable,shame,4803
cut,quiet,6706
wild,frog,9823
foregoing,addition,2894
colorful,pleasure,9773
tender,houses,1457
ambiguous,fruit,8215
observant,color,2905
domineering,place,9461
humdrum,ear,0016
imaginary,hobbies,5012
grotesque,increase,0442
dark,island,2336
sudden,house,8207
debonair,rock,9009
parched,ladybug,3603
inquisitive,list,8036
funny,volcano,9972
free,lumber,6203
innate,sponge,2360
vacuous,question,9661
purple,humor,8539
charming,transport,5163
sleepy,caption,5995
wild,man,0044
fine,frogs,3149
oafish,error,1736
parched,neck,9499
weary,detail,3064
lush,rhythm,6289
shaggy,airport,7485
various,protest,6263
giant,cushion,5868
rustic,spoon,6673
vagabond,donkey,7062
dapper,lace,9379
vivacious,smoke,5446
luxuriant,stage,7929
breakable,linen,5822
fertile,drug,1839
interesting,part,9653
hysterical,spot,1927
sloppy,sleep,3082
wrong,throat,4293
scared,motion,5265
zealous,behavior,5786
fascinated,ducks,0950
uptight,snail,8042
bewildered,animal,3692
expensive,experience,7904
functional,clocks,8428
tidy,visitor,5628
jumbled,downtown,4588
crabby,children,3617
ablaze,girls,6049
loose,writer,8981
nimble,library,0751
hapless,bells,5103
workable,town,4796
reminiscent,shirt,9327
brown,stop,3649
venomous,map,1031
debonair,protest,6986
enthusiastic,scarecrow,8986
literate,slope,8022
fierce,division,8245
resolute,rub,1216
roomy,wash,7450
encouraging,honey,2908
jumpy,time,8927
first,fire,1011
amusing,club,2483
expensive,machine,4832
tacit,crush,6026
mushy,board,2295
habitual,start,2574
demonic,woman,5705
accidental,crush,4870
puzzling,plot,8909
nice,son,0842
aberrant,brick,3842
scattered,collar,4386
chief,bushes,2791
greasy,cork,4295
huge,loss,7758
kindhearted,faucet,9730
quack,ducks,6321
troubled,band,1166
flashy,wool,6657
good,channel,0357
tart,rest,3662
phobic,hammer,6973
great,print,3195
open,middle,5375
fresh,powder,7651
warlike,feet,5679
present,shelf,2598
nostalgic,discussion,6246
honorable,skate,8335
gaudy,rod,2996
brainy,unit,5408
anxious,taste,0992
secretive,push,3226
amused,twig,6432
brief,chin,7364
divergent,earth,4823
weary,pull,7318
noisy,quill,0730
receptive,trucks,3943
thirsty,toys,2817
alike,spot,9143
productive,division,9316
abortive,face,7963
pushy,beds,8879
somber,income,2738
sordid,bulb,7869
statuesque,drug,2248
material,love,4662
makeshift,beggar,8968
sour,afterthought,4278
disgusting,porter,1666
chubby,comfort,5711
mean,friction,6533
perpetual,screw,6962
naughty,tree,6404
zealous,kick,3240
hulking,meal,0656
crabby,fold,2090
unwieldy,camera,8922
wanting,hot,7702
steep,celery,3473
squeamish,owner,2236
omniscient,umbrella,5299
acidic,steel,5172
unaccountable,receipt,1426
unwieldy,company,5204
questionable,quarter,9103
gruesome,beetle,6476
guiltless,egg,5342
lying,head,3161
exotic,achiever,0736
illegal,brain,7284
unsightly,note,3507
productive,smile,6507
ready,tiger,6674
maniacal,structure,3982
chubby,addition,8690
oafish,tree,0229
many,memory,8965
uninterested,morning,5142
frightened,mask,5029
concerned,powder,0274
loutish,ring,1447
unnatural,cloth,0744
incredible,growth,2360
screeching,clam,2645
sparkling,competition,2650
black,eyes,2478
cultured,glue,8206
dashing,selection,8646
utopian,worm,6582
rhetorical,worm,5568
unsightly,team,6483
homeless,amount,0848
adaptable,shake,6610
auspicious,selection,1702
frightening,bed,6964
curvy,form,7382
faulty,field,1814
tangy,poison,9616
one,hour,5686
seemly,fiction,8979
fair,bag,3861
historical,ear,7200
outgoing,cactus,7844
cowardly,bottle,2691
righteous,veil,3700
automatic,sky,9402
tart,woman,4543
deep,pear,3558
spicy,wind,0134
ugly,worm,7547
uptight,request,7058
laughable,wave,7992
coordinated,wound,3259
coordinated,mailbox,4292
futuristic,metal,3767
encouraging,treatment,2442
annoyed,fang,8415
excellent,office,0709
labored,effect,7536
half,water,3660
tightfisted,insect,9702
guarded,smell,1212
gabby,plantation,5958
spiritual,space,6161
early,shock,6517
private,square,6505
classy,bit,6410
left,tray,1740
impolite,muscle,2688
dreary,surprise,3233
disastrous,wing,4646
scandalous,zebra,6688
pale,income,7977
overrated,smash,5049
physical,bait,8216
blushing,amount,8588
bright,slave,5019
labored,lawyer,4366
accidental,fire,7856
mature,ticket,3245
obtainable,government,5268
legal,nut,0284
racial,prison,1784
guttural,muscle,5357
voiceless,mitten,7767
silky,hook,9589
daffy,wind,9612
last,roof,3093
defective,answer,5563
creepy,bat,9806
mundane,writing,9283
gaudy,self,0017
wanting,harmony,8987
tan,motion,5990
accessible,sofa,4752
annoying,structure,2841
zippy,hands,4802
female,discussion,2605
medical,soap,8439
tricky,language,9384
hulking,thought,6170
idiotic,touch,9118
robust,farm,4532
late,polish,2704
obscene,plant,7482
ignorant,fact,1923
prickly,mountain,3011
opposite,crate,8036
uninterested,squirrel,2588
internal,year,2456
piquant,process,3540
draconian,trail,1877
hot,hearing,8890
brash,bean,3313
ten,egg,3340
cold,wrist,5098
tenuous,woman,3196
broad,harmony,6083
obnoxious,amount,1288
grandiose,toad,7194
afraid,fire,0930
abhorrent,dock,3598
shaky,scissors,5135
pointless,page,4591
general,soap,9059
dysfunctional,grain,3432
zealous,farmer,4238
vivacious,actor,9441
deranged,wind,8886
dangerous,growth,4514
plant,bird,2954
handsome,order,7666
sedate,plough,9796
ashamed,chalk,9273
nippy,stew,7657
possible,memory,7296
amuck,thunder,6554
deep,sea,5892
mundane,bird,5776
possible,frogs,7674
callous,lizards,7361
scrawny,cushion,1685
four,bite,7939
near,bikes,4850
harsh,rifle,7348
delicate,fog,6193
nostalgic,ice,9634
whimsical,worm,2273
damaged,dime,2159
exotic,respect,2648
accessible,year,1281
guiltless,bell,3616
obese,laugh,0990
shiny,zebra,1141
milky,chin,9292
giddy,crowd,1985
tenuous,thrill,3632
handy,card,4334
tedious,education,4102
exotic,yak,5840
ready,stamp,3611
opposite,park,0886
busy,feather,1165
glamorous,expert,5702
large,window,5366
meek,person,3308
divergent,look,1365
lewd,sister,7455
dizzy,wish,5234
square,badge,2881
first,note,7728
even,corn,4686
unequal,floor,4975
misty,breath,5967
hungry,mice,0228
fortunate,ground,1555
adventurous,calculator,8669
unusual,produce,1556
cumbersome,company,3737
thundering,observation,9644
crooked,protest,8712
childlike,lace,0971
abaft,coal,7765
remarkable,competition,6048
swift,cat,7837
ultra,eggs,4193
flashy,joke,3560
big,organization,9103
aquatic,current,0162
tender,hospital,1648
diligent,tin,4997
happy,color,6055
plain,apple,7611
ethereal,suggestion,7918
gruesome,underwear,9145
efficient,alarm,8732
acrid,knee,2383
taboo,map,7474
wealthy,nerve,4456
dysfunctional,chickens,7353
omniscient,pull,8464
uninterested,fly,6562
useless,shirt,3977